"","Team","complete_jurisdictions","empty_cells","flag_count","jurisdictions_over_50_pct_confirmed","pct_confirmed"
"1","AUS","0/23",104692,1089,"15/23",49.7062336100486
"2","BRA","14/54",17346,1394,"2/54",30.4060663621747
"3","CAN","2/14",24158,43,"12/14",54.8436556720268
"4","CHN","3/32",14629,821,"23/32",57.5245209854015
"5","GBR","0/5",16460,13,"0/5",15.9575489819439
"6","IND","0/37",250040,258,"0/37",15.5746865504837
"7","ITA","0/22",246281,47,"NA/22",NA
"8","National","185/185",-119,549,"45/185",38.1084455565823
"9","USA","47/52",25,1438,"34/52",58.4381187387334
