"","Team","complete_jurisdictions","empty_cells","flag_count","jurisdictions_over_50","pct_confirmed"
"1","AUS","0/23",105188,1088,"15/23",49.7062336100486
"2","BRA","14/54",17951,1481,"2/54",30.2546207367567
"3","CAN","2/14",24158,43,"11/14",54.3425168761319
"4","CHN","3/32",14795,602,"22/32",55.1383019592778
"5","GBR","0/5",16460,13,"0/5",15.9575489819439
"6","IND","0/37",250040,258,"0/37",15.5746865504837
"7","ITA","0/22",246281,47,"NA/22",NA
"8","National","184/185",149,567,"45/185",38.1084455565823
"9","USA","47/52",187,1438,"34/52",58.4381187387334
